{
  "title": "Draft IT Stewardship Principles for a Professional Society",
  "object_type": "governance_policy",
  "summary": "Starter principles for stewardship, transparency, and member trust in an Intelligence Token (IT) ecosystem.",
  "body": [
    "Define authoritative stewards for each knowledge domain.",
    "Separate authoring, review, and validation roles.",
    "Maintain immutable provenance and versioning.",
    "Require attribution metadata for all downstream use."
  ],
  "status": "draft"
}