{
  "title": "Access Control Policy Gates (Template)",
  "object_type": "policy_gate_spec",
  "summary": "Starter access and licensing gates for an IT-based knowledge base.",
  "gates": [
    {
      "gate_id": "gate_access_001",
      "gate_type": "access_control",
      "rule": "Member-only access for draft content.",
      "enforcement": "require_human_review"
    },
    {
      "gate_id": "gate_license_001",
      "gate_type": "licensing",
      "rule": "Restrict commercial reuse unless licensed.",
      "enforcement": "warn"
    }
  ],
  "status": "draft"
}