{
  "title": "Attribution and Compensation (Template)",
  "object_type": "ethics_guidance",
  "summary": "Ethics-oriented template guidance for attribution and compensation of member-generated intellectual property.",
  "body": [
    "Attribution is mandatory for any derived outputs.",
    "Compensation routing is policy-driven and requires human oversight.",
    "Conflicts of interest must be disclosed for reviewers/validators.",
    "Privacy and consent rules govern any personal data."
  ],
  "status": "draft"
}